epoch,train_loss,train_acc,val_loss,val_acc,learning_rate
1,0.6823,0.6542,0.6145,0.6780,0.00002
2,0.4521,0.7845,0.4012,0.8120,0.00002
3,0.3215,0.8523,0.3456,0.8450,0.00002
4,0.2541,0.8912,0.3102,0.8680,0.00002
5,0.1987,0.9124,0.2854,0.8820,0.00002
6,0.1623,0.9287,0.2712,0.8940,0.00002
7,0.1342,0.9398,0.2645,0.9020,0.00002
8,0.1124,0.9456,0.2598,0.9080,0.00002
9,0.0956,0.9512,0.2567,0.9100,0.00002
10,0.0823,0.9548,0.2545,0.9120,0.00002
